"App","PermPairID"
"a2dp.Vol_137",1
"a2dp.Vol_137",17
"a2dp.Vol_137",18
"a2dp.Vol_137",19
"a2dp.Vol_137",25
"a2dp.Vol_137",26
"a2dp.Vol_137",27
"a2dp.Vol_137",49
"a2dp.Vol_137",50
"a2dp.Vol_137",84
"a2dp.Vol_137",85
"a2dp.Vol_137",86
"a2dp.Vol_137",90
"be.brunoparmentier.openbikesharing.app_23",1
"be.brunoparmentier.openbikesharing.app_23",2
"be.brunoparmentier.openbikesharing.app_23",3
"br.usp.ime.retrobreaker_5",1
"ch.logixisland.anuto_10",1
"com.Pau.ImapNotes2_40",82
"com.Pau.ImapNotes2_40",83
"com.Pau.ImapNotes2_40",87
"com.Pau.ImapNotes2_40",88
"com.Pau.ImapNotes2_40",89
"com.addi_44",1
"com.alfray.timeriffic_10905",1
"com.alfray.timeriffic_10905",16
"com.angrydoughnuts.android.alarmclock_15",1
"com.angrydoughnuts.android.alarmclock_15",13
"com.angrydoughnuts.android.alarmclock_15",76
"com.angrydoughnuts.android.alarmclock_15",92
"com.angrydoughnuts.android.alarmclock_15",77
"com.app.Zensuren_121",1
"com.beem.project.beem_12",1
"com.bytestemplar.tonedef_16",1
"com.commonsware.android.arXiv_92",1
"com.commonsware.android.arXiv_92",9
"com.commonsware.android.arXiv_92",60
"com.commonsware.android.arXiv_92",62
"com.darshancomputing.BatteryIndicatorPro_11200",1
"com.dftec.planetcon_13",1
"com.dozingcatsoftware.asciicam_11",1
"com.dozingcatsoftware.asciicam_11",51
"com.futurice.android.reservator_17",1
"com.futurice.android.reservator_17",55
"com.github.nicolassmith.urlevaluator",1
"com.github.nicolassmith.urlevaluator",9
"com.github.nicolassmith.urlevaluator",60
"com.github.nicolassmith.urlevaluator",62
"com.hayaisoftware.launcher_10405",1
"com.joshtwigg.cmus.droid_8",1
"com.joshtwigg.cmus.droid_8",60
"com.joshtwigg.cmus.droid_8",62
"com.kanedias.vanilla.audiotag_10",1
"com.kanedias.vanilla.coverfetch_4",1
"com.kanedias.vanilla.coverfetch_4",62
"com.matoski.adbm_27",1
"com.matoski.adbm_27",40
"com.mschlauch.comfortreader_6",1
"com.mschlauch.comfortreader_6",9
"com.newsblur_138",1
"com.newsblur_138",4
"com.nltechno.dolidroidpro_28",1
"com.sound.ampache_200",62
"com.tastycactus.timesheet_5",1
"com.termux.widget_7",1
"com.thibaudperso.sonycamera_16",1
"com.thibaudperso.sonycamera_16",5
"com.thibaudperso.sonycamera_16",79
"com.thibaudperso.sonycamera_16",91
"cz.romario.opensudoku_1105",1
"cz.romario.opensudoku_1105",9
"de.blinkt.openvpn_147",1
"de.freewarepoint.whohasmystuff_31",1
"de.jkliemann.parkendd_27",1
"de.jkliemann.parkendd_27",9
"de.smasi.tickmate_40",1
"douzifly.list_21",1
"fr.neamar.kiss_96",1
"fr.neamar.kiss_96",5
"fr.ybo.transportsrennes_413",1
"fr.ybo.transportsrennes_413",9
"fr.ybo.transportsrennes_413",17
"fr.ybo.transportsrennes_413",18
"fr.ybo.transportsrennes_413",19
"fr.ybo.transportsrennes_413",21
"fr.ybo.transportsrennes_413",25
"fr.ybo.transportsrennes_413",26
"fr.ybo.transportsrennes_413",27
"fr.ybo.transportsrennes_413",29
"fr.ybo.transportsrennes_413",60
"fr.ybo.transportsrennes_413",62
"giraffine.dimmer_37",1
"me.sheimi.sgit_110",1
"mobi.boilr.boilr_9",1
"mobi.boilr.boilr_9",13
"mobi.boilr.boilr_9",14
"mobi.boilr.boilr_9",77
"mobi.omegacentauri.SendReduced_1300",1
"net.fercanet.LNM_3",1
"net.mypapit.mobile.myposition_12",1
"net.mypapit.mobile.myposition_12",2
"net.mypapit.mobile.myposition_12",3
"net.mypapit.mobile.myposition_12",17
"net.mypapit.mobile.myposition_12",18
"net.mypapit.mobile.myposition_12",19
"net.mypapit.mobile.myposition_12",25
"net.mypapit.mobile.myposition_12",26
"net.mypapit.mobile.myposition_12",27
"net.tedstein.AndroSS_17",77
"nitezh.ministock_68",1
"nitezh.ministock_68",62
"org.daylightingsociety.wherearetheeyes_5",17
"org.daylightingsociety.wherearetheeyes_5",25
"org.epstudios.epmobile_49",1
"org.jsl.shmp_1",1
"org.kde.necessitas.ministro_14",62
"org.lf_net.pgpunlocker_2017051001",1
"org.ligi.fast_66",1
"org.madore.android.unicodeMap_4",1
"org.openintents.notepad_10084",1
"org.projectmaxs.module.alarmset_2000300550",1
"org.projectmaxs.module.bluetoothadmin_2000300550",1
"org.projectmaxs.module.clipboard_2000300550",1
"org.projectmaxs.module.contactsread_2000300550",1
"org.projectmaxs.module.fileread_2000300550",1
"org.projectmaxs.module.filewrite_2000300550",1
"org.projectmaxs.module.locationfine_2000300550",1
"org.projectmaxs.module.locationfine_2000300550",17
"org.projectmaxs.module.locationfine_2000300550",25
"org.projectmaxs.module.misc_2000300550",1
"org.projectmaxs.module.phonestateread_2000300550",1
"org.projectmaxs.module.shell_2000300550",1
"org.projectmaxs.module.smssend_2000300550",1
"org.projectmaxs.module.wifiaccess_2000300550",1
"org.projectmaxs.module.wifichange_2000300550",1
"org.smc.inputmethod.indic_25",1
"org.smc.inputmethod.indic_25",4
"org.smc.inputmethod.indic_25",13
"org.sufficientlysecure.localcalendar_9",1
"org.uaraven.e_14",1
"org.woltage.irssiconnectbot_393",1
"org.xcsoar_107",1
"protect.gift_card_guard_5",1
"pw.thedrhax.mosmetro_61",81
"se.anyro.nfc_reader_15",80
"se.embargo.retroboy_44",1
"sun.bob.leela_2",1