APP,CAT
a2dp.Vol,TRANSPORTATION
be.brunoparmentier.openbikesharing.app,TRANSPORTATION
com.Pau.ImapNotes2,PRODUCTIVITY
com.addi,TOOLS
com.alfray.timeriffic,TOOLS
com.angrydoughnuts.android.alarmclock,TOOLS
com.app.Zensuren,PRODUCTIVITY
com.beem.project.beem,COMMUNICATION
com.bytestemplar.tonedef,COMMUNICATION
com.commonsware.android.arXiv,BOOKS_AND_REFERENCE
com.darshancomputing.BatteryIndicatorPro,TOOLS
com.dozingcatsoftware.asciicam,PHOTOGRAPHY
com.futurice.android.reservator,BUSINESS
com.hayaisoftware.launcher,TOOLS
com.joshtwigg.cmus.droid,MUSIC_AND_AUDIO
com.kanedias.vanilla.audiotag,MUSIC_AND_AUDIO
com.kanedias.vanilla.coverfetch,MUSIC_AND_AUDIO
com.matoski.adbm,TOOLS
com.mschlauch.comfortreader,BOOKS_AND_REFERENCE
com.newsblur,NEWS_AND_MAGAZINES
com.nltechno.dolidroidpro,BUSINESS
com.sound.ampache,MEDIA_AND_VIDEO
com.tastycactus.timesheet,PRODUCTIVITY
com.termux.widget,PERSONALIZATION
com.thibaudperso.sonycamera,MEDIA_AND_VIDEO
de.blinkt.openvpn,COMMUNICATION
de.freewarepoint.whohasmystuff,PRODUCTIVITY
de.jkliemann.parkendd,TRANSPORTATION
de.smasi.tickmate,LIFESTYLE
douzifly.list,PRODUCTIVITY
fr.neamar.kiss,PERSONALIZATION
fr.ybo.transportsrennes,TRANSPORTATION
giraffine.dimmer,TOOLS
me.sheimi.sgit,TOOLS
mobi.boilr.boilr,FINANCE
mobi.omegacentauri.SendReduced,PHOTOGRAPHY
net.mypapit.mobile.myposition,TRAVEL_AND_LOCAL
net.tedstein.AndroSS,TOOLS
nitezh.ministock,FINANCE
org.epstudios.epmobile,MEDICAL
org.kde.necessitas.ministro,LIBRARIES_AND_DEMO
org.lf_net.pgpunlocker,TOOLS
org.ligi.fast,TOOLS
org.madore.android.unicodeMap,BOOKS_AND_REFERENCE
org.openintents.notepad,PRODUCTIVITY
org.projectmaxs.module.alarmset,TOOLS
org.projectmaxs.module.bluetoothadmin,TOOLS
org.projectmaxs.module.clipboard,TOOLS
org.projectmaxs.module.contactsread,TOOLS
org.projectmaxs.module.fileread,TOOLS
org.projectmaxs.module.filewrite,TOOLS
org.projectmaxs.module.locationfine,TOOLS
org.projectmaxs.module.misc,TOOLS
org.projectmaxs.module.phonestateread,TOOLS
org.projectmaxs.module.shell,TOOLS
org.projectmaxs.module.smssend,TOOLS
org.projectmaxs.module.wifiaccess,TOOLS
org.projectmaxs.module.wifichange,TOOLS
org.smc.inputmethod.indic,TOOLS
org.sufficientlysecure.localcalendar,PRODUCTIVITY
org.uaraven.e,HEALTH_AND_FITNESS
org.woltage.irssiconnectbot,COMMUNICATION
org.xcsoar,SPORTS
protect.gift_card_guard,FINANCE
se.anyro.nfc_reader,COMMUNICATION
se.embargo.retroboy,PHOTOGRAPHY
sun.bob.leela,TOOLS
