colm,words,topics
X3,live team radio sport app footbal match video leagu world latest,sports;football;highlight and streaming
X4,workout exercis train fit app weight bodi track time activ run,fitness tracking;workout tracking
X5,game plai privaci level world challeng friend player purchas polici collect,multiplayer games
X6,øªø ø§ø ùùø ø§ùø joke ø§ù øªù ùùù ø§ùù ùø§ø ùø§ù,jokes and entertainment
X7,watch wear face app android smartwatch googl phone gear pleas instal,smartwatch;android wear
X8,app android googl pleas support download version user access featur permiss,*utility*
X9,wallpap live screen free phone beauti background app amaz anim imag,wallpaper;background pictures
X10,cent centâ featur:â featurâ appâ avail custom android modeâ supportâ support,news
X11,screen set app icon chang add color button launcher android mode,launcher;modify appearance and icons
X12,photo pictur effect imag camera creat share add edit editor app,photo editors
X13,sound rington app free alarm phone set sleep music android notif,alarm;notification;ringtones
X14,applic time design user calcul function work system provid possibl inform,
X15,read book ðµð ðºð bibl ññð stori ðµñ page reader audio,reader;stories;bible;books
X16,travel citi book map find app time flight inform search hotel,travel;hotel;flight search
X17,video music record plai audio player song support file featur movi,media players
X18,map car locat app speed navig track rout time datum vehicl,navigations
X19,weather widget forecast clock dai time temperatur locat current condit wind,weather forcast
X20,devic android connect support control remot phone app network mobil samsung,communications utility
X21,file document note support pdf email print share manag cloud app,document managers
X22,card account trade manag currenc app mobil monei expens time market,financial
X23,shop app product find search list offer store item price job,shopping
X24,keyboard emoji theme free click support emoticon custom type color download,keyboard;emoticon
X25,call phone contact app messag number free send locat mobil text,messeging
X26,app minecraft comic lego applic guid mod skin trademark game logo,games and puzzles
X27,languag learn english word italian translat app spanish french german dictionari,language learning
X28,blood medic app calcul pressur health pregnanc period doctor heart measur,medical;monitoring
X29,game kid anim child fun draw plai learn babi color app,children;gaming
X30,design game dress nail fashion girl hair beauti makeup recip style,fashion;beautymakeup
X31,app lock phone secur screen password devic protect batteri android memori,personalization;security tools
X32,friend share app chat facebook peopl find love free twitter commun,social
