"APP";"SourcePerm";"SinkPemr"
com.appspot.swisscodemonkeys.steam;POSSIBLE_IPC;POSSIBLE_IPC
com.appspot.swisscodemonkeys.steam;android.permission.INTERNET;POSSIBLE_IPC
com.appspot.swisscodemonkeys.steam;android.permission.INTERNET;android.permission.INTERNET
com.appspot.swisscodemonkeys.steam;android.permission.READ_PHONE_STATE;POSSIBLE_IPC
com.appspot.swisscodemonkeys.steam;android.permission.READ_PHONE_STATE;android.permission.INTERNET
com.appspot.swisscodemonkeys.steam;android.permission.READ_PHONE_STATE;android.permission.READ_PHONE_STATE
com.appspot.swisscodemonkeys.steam;android.permission.READ_PHONE_STATE;android.permission.SEND_SMS
com.gp.jaro1;POSSIBLE_IPC;POSSIBLE_IPC
com.gp.jaro2;POSSIBLE_IPC;POSSIBLE_IPC
com.gp.jaro2;POSSIBLE_IPC;android.permission.ACCESS_NETWORK_STATE
com.gp.jaro2;POSSIBLE_IPC;android.permission.ACCESS_WIFI_STATE
com.gp.jaro2;POSSIBLE_IPC;android.permission.GET_TASKS
com.gp.jaro2;POSSIBLE_IPC;android.permission.READ_PHONE_STATE
com.gp.jaro2;POSSIBLE_IPC;android.permission.VIBRATE
com.gp.jaro2;android.permission.GET_TASKS;POSSIBLE_IPC
com.gp.jaro2;android.permission.GET_TASKS;android.permission.ACCESS_NETWORK_STATE
com.gp.jaro2;android.permission.GET_TASKS;android.permission.ACCESS_WIFI_STATE
com.gp.jaro2;android.permission.GET_TASKS;android.permission.GET_TASKS
com.gp.jaro2;android.permission.GET_TASKS;android.permission.READ_PHONE_STATE
com.gp.jaro2;android.permission.GET_TASKS;android.permission.VIBRATE
com.gp.jaro2;android.permission.INTERNET;POSSIBLE_IPC
com.gp.jaro2;android.permission.INTERNET;android.permission.ACCESS_NETWORK_STATE
com.gp.jaro2;android.permission.INTERNET;android.permission.VIBRATE
com.gp.jaro3;POSSIBLE_IPC;POSSIBLE_IPC
com.gp.jaro3;POSSIBLE_IPC;android.permission.ACCESS_NETWORK_STATE
com.gp.jaro3;POSSIBLE_IPC;android.permission.READ_PHONE_STATE
com.gp.jaro3;POSSIBLE_IPC;android.permission.VIBRATE
com.gp.jaro3;android.permission.INTERNET;POSSIBLE_IPC
com.gp.jaro3;android.permission.INTERNET;android.permission.ACCESS_NETWORK_STATE
com.gp.jaro3;android.permission.INTERNET;android.permission.VIBRATE
com.gp.monolith;POSSIBLE_IPC;POSSIBLE_IPC
com.gp.monolith;android.permission.INTERNET;android.permission.INTERNET
com.magicwach.rdefense;POSSIBLE_IPC;POSSIBLE_IPC
com.magicwach.rdefense;android.permission.ACCESS_COARSE_LOCATION;POSSIBLE_IPC
com.magicwach.rdefense;android.permission.ACCESS_FINE_LOCATION;POSSIBLE_IPC
com.magicwach.rdefense;android.permission.INTERNET;POSSIBLE_IPC
com.magicwach.rdefense;android.permission.INTERNET;android.permission.INTERNET
com.magicwach.rdefense;android.permission.READ_PHONE_STATE;POSSIBLE_IPC
com.ps.yams;POSSIBLE_IPC;POSSIBLE_IPC
com.rechild.advancedtaskkiller;android.permission.KILL_BACKGROUND_PROCESSES;android.permission.KILL_BACKGROUND_PROCESSES
com.rechild.advancedtaskkiller;android.permission.KILL_BACKGROUND_PROCESSES;android.permission.RESTART_PACKAGES
com.rechild.advancedtaskkiller;android.permission.RESTART_PACKAGES;android.permission.KILL_BACKGROUND_PROCESSES
com.rechild.advancedtaskkiller;android.permission.RESTART_PACKAGES;android.permission.RESTART_PACKAGES
com.septillionsoft.MagicTrick;POSSIBLE_IPC;POSSIBLE_IPC
com.septillionsoft.MagicTrick;android.permission.ACCESS_COARSE_LOCATION;POSSIBLE_IPC
com.septillionsoft.MagicTrick;android.permission.ACCESS_COARSE_LOCATION;android.permission.ACCESS_COARSE_LOCATION
com.septillionsoft.MagicTrick;android.permission.ACCESS_COARSE_LOCATION;android.permission.ACCESS_FINE_LOCATION
com.septillionsoft.MagicTrick;android.permission.ACCESS_FINE_LOCATION;POSSIBLE_IPC
com.septillionsoft.MagicTrick;android.permission.ACCESS_FINE_LOCATION;android.permission.ACCESS_COARSE_LOCATION
com.septillionsoft.MagicTrick;android.permission.ACCESS_FINE_LOCATION;android.permission.ACCESS_FINE_LOCATION
com.septillionsoft.MagicTrick;android.permission.INTERNET;POSSIBLE_IPC
com.septillionsoft.MagicTrick;android.permission.INTERNET;android.permission.INTERNET
com.septillionsoft.MagicTrick;android.permission.READ_PHONE_STATE;POSSIBLE_IPC
com.sohu.blog.lzn1007.WatermelonProber;POSSIBLE_IPC;POSSIBLE_IPC
com.sohu.blog.lzn1007.WatermelonProber;android.permission.ACCESS_COARSE_LOCATION;POSSIBLE_IPC
com.sohu.blog.lzn1007.WatermelonProber;android.permission.ACCESS_COARSE_LOCATION;android.permission.ACCESS_COARSE_LOCATION
com.sohu.blog.lzn1007.WatermelonProber;android.permission.ACCESS_COARSE_LOCATION;android.permission.ACCESS_FINE_LOCATION
com.sohu.blog.lzn1007.WatermelonProber;android.permission.ACCESS_COARSE_LOCATION;android.permission.INTERNET
com.sohu.blog.lzn1007.WatermelonProber;android.permission.ACCESS_FINE_LOCATION;POSSIBLE_IPC
com.sohu.blog.lzn1007.WatermelonProber;android.permission.ACCESS_FINE_LOCATION;android.permission.ACCESS_COARSE_LOCATION
com.sohu.blog.lzn1007.WatermelonProber;android.permission.ACCESS_FINE_LOCATION;android.permission.ACCESS_FINE_LOCATION
com.sohu.blog.lzn1007.WatermelonProber;android.permission.ACCESS_FINE_LOCATION;android.permission.INTERNET
com.sohu.blog.lzn1007.WatermelonProber;android.permission.ACCESS_NETWORK_STATE;POSSIBLE_IPC
com.sohu.blog.lzn1007.WatermelonProber;android.permission.ACCESS_NETWORK_STATE;android.permission.INTERNET
com.sohu.blog.lzn1007.WatermelonProber;android.permission.INTERNET;POSSIBLE_IPC
com.sohu.blog.lzn1007.WatermelonProber;android.permission.INTERNET;android.permission.INTERNET
com.sohu.blog.lzn1007.WatermelonProber;android.permission.READ_PHONE_STATE;POSSIBLE_IPC
com.sohu.blog.lzn1007.WatermelonProber;android.permission.READ_PHONE_STATE;android.permission.INTERNET
org.baole.app.blacklistpro;android.permission.SEND_SMS;android.permission.SEND_SMS
