"SourcePerm","SinkPerm","PermPairID"
"POSSIBLE_IPC","POSSIBLE_IPC","1"
"POSSIBLE_IPC","android.permission.ACCESS_COARSE_LOCATION","2"
"POSSIBLE_IPC","android.permission.ACCESS_FINE_LOCATION","3"
"POSSIBLE_IPC","android.permission.ACCESS_NETWORK_STATE","4"
"POSSIBLE_IPC","android.permission.ACCESS_WIFI_STATE","5"
"POSSIBLE_IPC","android.permission.BLUETOOTH","6"
"POSSIBLE_IPC","android.permission.BLUETOOTH_ADMIN","7"
"POSSIBLE_IPC","android.permission.GET_TASKS","8"
"POSSIBLE_IPC","android.permission.INTERNET","9"
"POSSIBLE_IPC","android.permission.READ_PHONE_STATE","10"
"POSSIBLE_IPC","android.permission.SEND_SMS","11"
"POSSIBLE_IPC","android.permission.SET_WALLPAPER","12"
"POSSIBLE_IPC","android.permission.VIBRATE","13"
"POSSIBLE_IPC","android.permission.WAKE_LOCK","14"
"POSSIBLE_IPC","android.permission.WRITE_EXTERNAL_STORAGE","15"
"POSSIBLE_IPC","android.permission.WRITE_SETTINGS","16"
"android.permission.ACCESS_COARSE_LOCATION","POSSIBLE_IPC","17"
"android.permission.ACCESS_COARSE_LOCATION","android.permission.ACCESS_COARSE_LOCATION","18"
"android.permission.ACCESS_COARSE_LOCATION","android.permission.ACCESS_FINE_LOCATION","19"
"android.permission.ACCESS_COARSE_LOCATION","android.permission.ACCESS_NETWORK_STATE","20"
"android.permission.ACCESS_COARSE_LOCATION","android.permission.INTERNET","21"
"android.permission.ACCESS_COARSE_LOCATION","android.permission.READ_PHONE_STATE","22"
"android.permission.ACCESS_COARSE_LOCATION","android.permission.SEND_SMS","23"
"android.permission.ACCESS_COARSE_LOCATION","android.permission.WAKE_LOCK","24"
"android.permission.ACCESS_FINE_LOCATION","POSSIBLE_IPC","25"
"android.permission.ACCESS_FINE_LOCATION","android.permission.ACCESS_COARSE_LOCATION","26"
"android.permission.ACCESS_FINE_LOCATION","android.permission.ACCESS_FINE_LOCATION","27"
"android.permission.ACCESS_FINE_LOCATION","android.permission.ACCESS_NETWORK_STATE","28"
"android.permission.ACCESS_FINE_LOCATION","android.permission.INTERNET","29"
"android.permission.ACCESS_FINE_LOCATION","android.permission.READ_PHONE_STATE","30"
"android.permission.ACCESS_FINE_LOCATION","android.permission.SEND_SMS","31"
"android.permission.ACCESS_FINE_LOCATION","android.permission.WAKE_LOCK","32"
"android.permission.ACCESS_NETWORK_STATE","POSSIBLE_IPC","33"
"android.permission.ACCESS_NETWORK_STATE","android.permission.ACCESS_COARSE_LOCATION","34"
"android.permission.ACCESS_NETWORK_STATE","android.permission.ACCESS_FINE_LOCATION","35"
"android.permission.ACCESS_NETWORK_STATE","android.permission.ACCESS_NETWORK_STATE","36"
"android.permission.ACCESS_NETWORK_STATE","android.permission.ACCESS_WIFI_STATE","37"
"android.permission.ACCESS_NETWORK_STATE","android.permission.INTERNET","38"
"android.permission.ACCESS_NETWORK_STATE","android.permission.READ_PHONE_STATE","39"
"android.permission.ACCESS_WIFI_STATE","POSSIBLE_IPC","40"
"android.permission.ACCESS_WIFI_STATE","android.permission.ACCESS_COARSE_LOCATION","41"
"android.permission.ACCESS_WIFI_STATE","android.permission.ACCESS_FINE_LOCATION","42"
"android.permission.ACCESS_WIFI_STATE","android.permission.ACCESS_NETWORK_STATE","43"
"android.permission.ACCESS_WIFI_STATE","android.permission.ACCESS_WIFI_STATE","44"
"android.permission.ACCESS_WIFI_STATE","android.permission.INTERNET","45"
"android.permission.ACCESS_WIFI_STATE","android.permission.READ_PHONE_STATE","46"
"android.permission.ACCESS_WIFI_STATE","android.permission.VIBRATE","47"
"android.permission.ACCESS_WIFI_STATE","android.permission.WAKE_LOCK","48"
"android.permission.BLUETOOTH","POSSIBLE_IPC","49"
"android.permission.BLUETOOTH","android.permission.BLUETOOTH","50"
"android.permission.CAMERA","POSSIBLE_IPC","51"
"android.permission.CAMERA","android.permission.VIBRATE","52"
"android.permission.CAMERA","android.permission.WAKE_LOCK","53"
"android.permission.CHANGE_WIFI_STATE","android.permission.CHANGE_WIFI_STATE","54"
"android.permission.GET_ACCOUNTS","POSSIBLE_IPC","55"
"android.permission.GET_ACCOUNTS","android.permission.ACCESS_COARSE_LOCATION","56"
"android.permission.GET_ACCOUNTS","android.permission.ACCESS_FINE_LOCATION","57"
"android.permission.GET_ACCOUNTS","android.permission.WAKE_LOCK","58"
"android.permission.GET_TASKS","POSSIBLE_IPC","59"
"android.permission.INTERNET","POSSIBLE_IPC","60"
"android.permission.INTERNET","android.permission.ACCESS_NETWORK_STATE","61"
"android.permission.INTERNET","android.permission.INTERNET","62"
"android.permission.INTERNET","android.permission.READ_PHONE_STATE","63"
"android.permission.INTERNET","android.permission.VIBRATE","64"
"android.permission.INTERNET","android.permission.WAKE_LOCK","65"
"android.permission.READ_PHONE_STATE","POSSIBLE_IPC","66"
"android.permission.READ_PHONE_STATE","android.permission.ACCESS_COARSE_LOCATION","67"
"android.permission.READ_PHONE_STATE","android.permission.ACCESS_NETWORK_STATE","68"
"android.permission.READ_PHONE_STATE","android.permission.ACCESS_WIFI_STATE","69"
"android.permission.READ_PHONE_STATE","android.permission.INTERNET","70"
"android.permission.READ_PHONE_STATE","android.permission.READ_PHONE_STATE","71"
"android.permission.READ_PHONE_STATE","android.permission.WAKE_LOCK","72"
"android.permission.SET_WALLPAPER_HINTS","android.permission.SET_WALLPAPER","73"
"android.permission.VIBRATE","POSSIBLE_IPC","74"
"android.permission.VIBRATE","android.permission.VIBRATE","75"
"android.permission.WAKE_LOCK","POSSIBLE_IPC","76"
"android.permission.WAKE_LOCK","android.permission.WAKE_LOCK","77"
"android.permission.WRITE_EXTERNAL_STORAGE","POSSIBLE_IPC","78"
"POSSIBLE_IPC","android.permission.CHANGE_WIFI_STATE","79"
"POSSIBLE_IPC","android.permission.NFC","80"
"android.permission.ACCESS_WIFI_STATE","android.permission.CHANGE_WIFI_STATE","81"
"android.permission.AUTHENTICATE_ACCOUNTS","POSSIBLE_IPC","82"
"android.permission.AUTHENTICATE_ACCOUNTS","android.permission.AUTHENTICATE_ACCOUNTS","83"
"android.permission.BLUETOOTH","android.permission.MODIFY_AUDIO_SETTINGS","84"
"android.permission.BLUETOOTH_ADMIN","android.permission.MODIFY_AUDIO_SETTINGS","85"
"android.permission.BROADCAST_STICKY","android.permission.MODIFY_AUDIO_SETTINGS","86"
"android.permission.GET_ACCOUNTS","android.permission.AUTHENTICATE_ACCOUNTS","87"
"android.permission.GET_ACCOUNTS","android.permission.GET_ACCOUNTS","88"
"android.permission.GET_ACCOUNTS","android.permission.MANAGE_ACCOUNTS","89"
"android.permission.MODIFY_AUDIO_SETTINGS","android.permission.MODIFY_AUDIO_SETTINGS","90"
"android.permission.NFC","android.permission.NFC","91"
"android.permission.WAKE_LOCK","android.permission.VIBRATE","92"
"android.permission.READ_PHONE_STATE","android.permission.SEND_SMS","93"
"android.permission.GET_TASKS","android.permission.ACCESS_NETWORK_STATE","94"
"android.permission.GET_TASKS","android.permission.ACCESS_WIFI_STATE","95"
"android.permission.GET_TASKS","android.permission.GET_TASKS","96"
"android.permission.GET_TASKS","android.permission.READ_PHONE_STATE","97"
"android.permission.GET_TASKS","android.permission.VIBRATE","98"
"android.permission.KILL_BACKGROUND_PROCESSES","android.permission.KILL_BACKGROUND_PROCESSES","99"
"android.permission.KILL_BACKGROUND_PROCESSES","android.permission.RESTART_PACKAGES","100"
"android.permission.RESTART_PACKAGES","android.permission.KILL_BACKGROUND_PROCESSES","101"
"android.permission.RESTART_PACKAGES","android.permission.RESTART_PACKAGES","102"
"android.permission.SEND_SMS","android.permission.SEND_SMS","103"
